Track,,
Label :,左转一号,
"Coords (x,y:px; t:time)",,
x,y,t
1570.97,-1319.68,0
1571,-1319.67,1
1571.06,-1319.65,2
1570.14,-1319.62,3
1570.21,-1319.58,4
1570.28,-1319.55,5
1570.35,-1319.51,6
1570.4,-1319.46,7
1570.35,-1319.42,8
1570.32,-1319.37,9
1570.29,-1319.32,10
1570.26,-1319.26,11
1570.24,-1319.21,12
1570.23,-1319.16,13
1570.23,-1319.1,14
1570.23,-1319.05,15
1570.21,-1319.01,16
1570.18,-1318.97,17
1570.13,-1319.93,18
1570.07,-1319.88,19
1570.01,-1319.82,20
1569.92,-1319.77,21
1570.83,-1319.73,22
1570.8,-1319.7,23
1570.77,-1319.68,24
1570.74,-1319.67,25
1570.74,-1319.64,26
1570.78,-1319.61,27
1570.81,-1319.58,28
1570.83,-1319.54,29
1570.81,-1319.52,30
1570.76,-1319.5,31
1570.69,-1319.46,32
1570.63,-1319.41,33
1570.57,-1319.37,34
1570.51,-1319.31,35
1570.45,-1319.25,36
1570.39,-1319.18,37
1570.33,-1319.12,38
1570.27,-1319.06,39
1570.24,-1319,40
1570.24,-1318.95,41
1570.27,-1319.9,42
1570.3,-1319.86,43
1570.34,-1319.81,44
1570.39,-1319.78,45
1570.44,-1319.74,46
1570.48,-1319.72,47
1570.53,-1319.7,48
1570.61,-1319.71,49
1570.76,-1319.71,50
1570.91,-1319.72,51
1571.05,-1319.74,52
1570.18,-1319.77,53
1570.33,-1319.81,54
1570.47,-1319.89,55
1570.63,-1319.97,56
1570.78,-1320.04,57
1570.95,-1319.1,58
1571.16,-1319.13,59
1570.39,-1319.13,60
1570.63,-1319.14,61
1571.42,-1319.14,62
1571.21,-1319.14,63
1571,-1319.15,64
1571.78,-1319.15,65
1571.57,-1319.15,66
1571.37,-1319.17,67
1571.17,-1319.18,68
1570.96,-1319.17,69
1571.75,-1319.18,70
1571.55,-1319.21,71
1571.38,-1319.26,72
1571.22,-1319.29,73
1571.05,-1319.32,74
1570.87,-1319.35,75
1571.68,-1319.38,76
1571.5,-1319.42,77
1571.32,-1319.45,78
1571.13,-1319.49,79
1570.94,-1319.55,80
1571.76,-1319.65,81
1571.58,-1319.74,82
1571.41,-1319.84,83
1571.24,-1319.95,84
1571.06,-1320.05,85
1570.9,-1319.16,86
1571.73,-1319.29,87
1571.53,-1319.43,88
1571.34,-1319.57,89
1571.39,-1319.59,90
1571.45,-1319.6,91
1571.53,-1319.62,92
1571.61,-1319.64,93
1571.7,-1319.67,94
1571.77,-1319.69,95
1571.84,-1319.69,96
1571.9,-1319.69,97
1571.97,-1319.69,98
1572.05,-1319.69,99
1571.14,-1319.68,100
1571.23,-1319.68,101
1571.34,-1319.68,102
1571.42,-1319.66,103
1571.49,-1319.63,104
1571.56,-1319.6,105
1571.64,-1319.58,106
1571.71,-1319.5,107
1571.79,-1319.41,108
1571.88,-1319.32,109
1571.96,-1319.24,110
1572.05,-1319.14,111
1571.14,-1319.05,112
1571.25,-1318.95,113
1571.37,-1319.85,114
1571.48,-1319.75,115
1571.6,-1319.65,116
1571.72,-1319.54,117
1571.84,-1319.43,118
1571.97,-1319.32,119
1572.11,-1319.19,120
1571.24,-1319.06,121
1571.36,-1318.95,122
1571.47,-1319.84,123
1571.6,-1319.73,124
1571.73,-1319.62,125
1571.86,-1319.5,126
1571.99,-1319.38,127
1572.11,-1319.25,128
1571.25,-1319.09,129
1571.39,-1318.92,130
1571.54,-1319.76,131
1571.71,-1319.59,132
1571.9,-1319.41,133
1572.08,-1319.23,134
1571.24,-1319.07,135
1571.41,-1318.9,136
1571.58,-1319.73,137
1571.73,-1319.56,138
1571.86,-1319.39,139
1572.01,-1319.2,140
1571.16,-1319.02,141
1571.31,-1318.83,142
1571.46,-1319.64,143
1571.62,-1318.79,144
1571.77,-1318.94,145
1571.92,-1319.07,146
1572.07,-1318.2,147
1571.21,-1318.33,148
1571.34,-1318.46,149
1571.47,-1318.58,150
1571.59,-1318.69,151
1571.71,-1318.8,152
1571.85,-1318.91,153
1571.99,-1319.02,154
1572.15,-1318.12,155
1571.29,-1318.23,156
1571.43,-1318.35,157
1571.57,-1318.46,158
1571.7,-1318.58,159
1571.81,-1318.72,160
1571.92,-1318.87,161
1572.03,-1319.02,162
1571.16,-1318.83,163
1571.35,-1319.66,164
1571.53,-1319.49,165
1571.72,-1319.32,166
1571.92,-1319.15,167
1572.18,-1318.98,168
1572.28,-1319.01,169
1572.39,-1318.09,170
1572.5,-1318.16,171
1572.63,-1318.23,172
1572.76,-1318.31,173
1572.94,-1318.38,174
1573.12,-1318.48,175
1572.31,-1318.58,176
1572.52,-1318.69,177
1572.77,-1318.81,178
1573.01,-1318.92,179
1572.78,-1319,180
1573.55,-1318.09,181
1573.32,-1318.18,182
1573.11,-1318.28,183
1572.91,-1318.38,184
1573.81,-1318.48,185
1573.69,-1318.57,186
1573.58,-1318.66,187
1573.46,-1318.74,188
1573.34,-1318.8,189
1573.24,-1318.86,190
1573.14,-1318.93,191
1573.04,-1319.01,192
1572.94,-1318.08,193
1573.9,-1318.15,194
1573.86,-1318.22,195
1573.83,-1318.3,196
1573.8,-1318.39,197
1573.79,-1318.49,198
1573.78,-1318.58,199
1573.76,-1318.68,200
1573.76,-1318.76,201
1573.76,-1318.83,202
1573.74,-1318.88,203
1573.73,-1318.93,204
1573.76,-1318.97,205
1573.81,-1319.01,206
1573.93,-1318.05,207
1573.99,-1318.09,208
1574.03,-1318.16,209
1573.08,-1318.24,210
1573.13,-1318.33,211
1573.14,-1318.43,212
1573.17,-1318.54,213
1573.2,-1318.65,214
1573.23,-1319.49,215
1573.26,-1319.33,216
1573.29,-1319.17,217
1573.31,-1319.01,218
1573.32,-1318.85,219
1573.33,-1319.69,220
1573.28,-1319.52,221
1573.27,-1319.36,222
1573.25,-1319.2,223
1573.24,-1319.04,224
1573.27,-1318.89,225
1573.29,-1319.74,226
1573.35,-1319.59,227
1573.41,-1319.44,228
1573.47,-1319.31,229
1573.53,-1319.17,230
1573.6,-1319.05,231
1573.69,-1318.94,232
1573.77,-1319.83,233
1573.86,-1319.72,234
1573.95,-1319.59,235
1574.04,-1319.45,236
1573.13,-1318.59,237
1573.21,-1318.74,238
1573.3,-1318.89,239
1573.41,-1319.03,240
1573.51,-1318.16,241
1573.62,-1318.29,242
1573.73,-1318.42,243
1573.84,-1318.54,244
1573.96,-1318.61,245
1574.08,-1318.68,246
1573.21,-1318.76,247
1573.36,-1318.84,248
1573.52,-1318.91,249
1573.67,-1318.97,250
1573.81,-1319.02,251
1573.95,-1318.08,252
1574.06,-1318.13,253
1573.17,-1318.17,254
1573.28,-1318.19,255
1573.39,-1318.19,256
1573.51,-1318.18,257
1573.65,-1318.18,258
1573.8,-1318.18,259
1573.94,-1318.19,260
1574.05,-1318.2,261
1573.19,-1318.2,262
1573.32,-1318.21,263
1573.48,-1318.22,264
1573.66,-1318.25,265
1573.84,-1318.27,266
1574.05,-1318.28,267
1573.27,-1318.28,268
1573.5,-1318.3,269
1573.74,-1318.33,270
1573.97,-1318.37,271
1574.73,-1318.41,272
1574.49,-1318.44,273
1574.25,-1318.48,274
1574.01,-1318.52,275
1573.77,-1318.56,276
1574.01,-1318.61,277
1573.24,-1318.67,278
1573.48,-1318.72,279
1573.72,-1318.78,280
1573.95,-1318.86,281
1574.17,-1318.94,282
1573.41,-1319.07,283
1573.42,-1318.06,284
1573.43,-1318.05,285
1573.44,-1318.03,286
1573.44,-1318.02,287
1573.47,-1318.02,288
1573.51,-1318.03,289
1573.55,-1318.05,290
1573.61,-1318.05,291
1573.65,-1318.06,292
1573.68,-1318.07,293
1573.71,-1318.07,294
1573.75,-1318.08,295
1573.79,-1318.09,296
1573.83,-1318.11,297
1573.86,-1318.14,298
1573.88,-1318.19,299
1573.9,-1318.28,300
1573.92,-1318.39,301
1573.94,-1318.5,302
1573.95,-1318.61,303
1573.96,-1318.72,304
1573.9,-1318.8,305
1573.82,-1318.87,306
1573.74,-1318.95,307
1573.68,-1319.03,308
1573.63,-1318.11,309
1573.57,-1318.18,310
1573.5,-1318.26,311
1573.45,-1318.34,312
1573.41,-1318.43,313
1573.37,-1318.51,314
1573.33,-1318.6,315
1573.32,-1318.69,316
1573.32,-1318.78,317
1573.33,-1318.88,318
1573.37,-1318.98,319
1573.42,-1319.11,320
1573.44,-1318.24,321
1573.45,-1318.37,322
1573.47,-1318.51,323
1573.47,-1319.36,324
1573.47,-1319.2,325
1573.49,-1319.04,326
1573.49,-1318.19,327
1573.51,-1319.04,328
1573.5,-1318.18,329
1573.5,-1318.32,330
1573.5,-1318.44,331
1573.52,-1318.56,332
1573.53,-1318.66,333
1573.52,-1318.77,334
1573.49,-1318.85,335
1573.49,-1318.94,336
1573.48,-1319.03,337
1573.46,-1318.11,338
1573.43,-1318.19,339
1573.41,-1318.26,340
1573.4,-1318.33,341
1573.47,-1318.39,342
1573.55,-1318.46,343
1573.65,-1318.52,344
1573.85,-1318.57,345
1574.08,-1318.62,346
1573.3,-1318.67,347
1573.52,-1318.72,348
1574.29,-1318.75,349
1574.04,-1318.77,350
1573.81,-1318.78,351
1574.58,-1318.8,352
1574.34,-1318.82,353
1573.58,-1318.78,354
1573.82,-1318.74,355
1574.6,-1318.67,356
1574.48,-1318.58,357
1574.37,-1318.48,358
1574.37,-1318.36,359
1574.37,-1318.21,360
1574.43,-1317.35,361
1574.45,-1316.28,362
1574.58,-1316.18,363
1574.79,-1316.03,364
1575.64,-1315.13,365
1575.57,-1315.21,366
1575.6,-1315.23,367
1575.72,-1315.18,368
1575.84,-1314.11,369
1576.04,-1313.96,370
1575.93,-1314.01,371
1576.98,-1313,372
1577.83,-1312.93,373
1578.02,-1312.83,374
1577.95,-1311.86,375
1579.08,-1311.75,376
1579.03,-1310.75,377
1579.88,-1309.84,378
1580.91,-1309.81,379
1581.8,-1308.87,380
1581.85,-1308.79,381
1582.78,-1307.85,382
1582.85,-1307.81,383
1583.78,-1306.88,384
1584.66,-1306,385
1584.7,-1305,386
1585.58,-1305.05,387
1585.62,-1304.02,388
1586.53,-1303.05,389
1586.62,-1302.13,390
1587.47,-1300.22,391
1587.53,-1300.13,392
1588.42,-1299.1,393
1588.49,-1298.11,394
1589.44,-1297.18,395
1590.32,-1297.08,396
1590.47,-1295.16,397
1591.43,-1295.07,398
1592.27,-1294.01,399
1592.31,-1292.99,400
1593.23,-1293.01,401
1593.29,-1291.05,402
1594.2,-1290.08,403
1594.23,-1289.11,404
1595.16,-1288.15,405
1595.24,-1286.23,406
1596.19,-1285.29,407
1596.24,-1283.36,408
1597.19,-1282.4,409
1597.23,-1280.48,410
1598.19,-1280.49,411
1598.22,-1279.4,412
1598.23,-1279.32,413
1598.26,-1278.2,414
1598.27,-1278.12,415
1598.28,-1276.21,416
1598.27,-1274.29,417
1598.25,-1275.25,418
1598.27,-1273.3,419
1598.31,-1272.31,420
1598.31,-1270.4,421
1598.32,-1270.44,422
1598.3,-1268.5,423
1598.3,-1267.51,424
1598.29,-1266.52,425
1598.28,-1265.5,426
1598.26,-1263.5,427
1598.2,-1261.64,428
1598.16,-1260.67,429
1598.08,-1258.72,430
1598.08,-1257.73,431
1598.06,-1255.78,432
1598.05,-1254.78,433
1598.02,-1253.77,434
1598.01,-1252.77,435
1597.98,-1250.84,436
1597.98,-1249.8,437
1597.97,-1247.86,438
1597.95,-1246.79,439
1597.99,-1245.73,440
1598.03,-1243.74,441
1598.03,-1242.7,442
1598.04,-1240.72,443
1598.08,-1239.66,444
1598.08,-1238.64,445
1598.07,-1236.71,446
1598.06,-1235.74,447
1598.05,-1234.72,448
1598.03,-1232.81,449
1598.01,-1231.82,450
1598.01,-1230.78,451
1598.01,-1228.82,452
1598.02,-1227.74,453
1598.01,-1226.72,454
1597.99,-1224.82,455
1598.01,-1223.76,456
1597.02,-1221.81,457
1597.03,-1220.77,458
1597.03,-1218.88,459
1597.03,-1217.87,460
1596.99,-1215.93,461
1597.95,-1214.87,462
1597.99,-1213.82,463
1598.03,-1211.84,464
1597.08,-1210.79,465
1597.11,-1209.74,466
1597.15,-1207.76,467
1597.18,-1206.71,468
1597.2,-1204.75,469
1597.22,-1203.72,470
1597.21,-1201.82,471
1597.23,-1200.82,472
1597.26,-1198.92,473
1597.28,-1197.95,474
1597.3,-1196.01,475
1597.31,-1194.1,476
1597.33,-1192.18,477
1597.34,-1190.23,478
1597.37,-1188.28,479
1597.37,-1186.32,480
1597.38,-1184.37,481
1597.39,-1183.38,482
1597.38,-1181.42,483
1597.37,-1179.46,484
1597.36,-1177.53,485
1597.34,-1176.55,486
1597.31,-1175.55,487
1597.32,-1174.62,488
1597.33,-1173.68,489
1597.33,-1172.73,490
1597.33,-1171.72,491
1597.35,-1170.73,492
1597.3,-1168.8,493
1597.29,-1167.8,494
1597.24,-1165.94,495
1597.22,-1164.99,496
1597.18,-1163.1,497
1597.15,-1161.12,498
1597.06,-1159.31,499
1597.04,-1157.39,500
1597.04,-1155.44,501
1597.04,-1154.33,502
1597.07,-1153.21,503
1597.11,-1153.21,504
1597.11,-1151.27,505
1597.12,-1150.13,506
1597.11,-1148.17,507
1597.11,-1146.18,508
1597.1,-1144.26,509
1597.09,-1142.25,510
1597.05,-1140.38,511
1597.01,-1138.4,512
1596.94,-1136.46,513
1596.93,-1134.43,514
1596.85,-1132.53,515
1597.53,-1142.14,516
1597.5,-1140.03,517
1597.42,-1138.09,518
1597.35,-1136.97,519
1597.32,-1135.13,520
1597.25,-1133.09,521
1597.15,-1131.25,522
1597.12,-1129.13,523
1597.06,-1127.09,524
1596.98,-1124.24,525
1597.91,-1123.22,526
1597.9,-1121.21,527
1597.91,-1119.2,528
1597.88,-1117.24,529
1597.56,-1119.54,530
1597.56,-1117.71,531
1597.55,-1116.73,532
1597.53,-1115.69,533
1597.48,-1113.88,534
1597.44,-1112.07,535
1597.45,-1110.05,536
1597.44,-1108.04,537
1597.43,-1106.12,538
1597.43,-1104.17,539
1597.08,-1104.45,540
1597.08,-1102.41,541
1597.06,-1100.38,542
1597.04,-1098.37,543
1597.02,-1096.39,544
1597.01,-1094.39,545
1596.97,-1092.43,546
1596.94,-1089.59,547
1596.89,-1088.48,548
1596.86,-1085.65,549
1596.87,-1084.57,550
1596.84,-1082.66,551
1596.77,-1080.91,552
1596.75,-1079.11,553
1596.64,-1076.94,554
1596.59,-1075.1,555
1596.59,-1072.2,556
1596.52,-1071.01,557
1596.53,-1068.09,558
1596.51,-1066.95,559
1596.45,-1065.95,560
1596.33,-1064.09,561
1596.33,-1061.22,562
1596.26,-1060.06,563
1596.16,-1058.02,564
1595.96,-1056.02,565
1595.95,-1053.08,566
1595.91,-1051.17,567
1595.9,-1050.04,568
1595.87,-1048.02,569
1595.83,-1046.16,570
1595.84,-1043.27,571
1595.82,-1042.15,572
1595.79,-1040.14,573
1595.71,-1038.31,574
1595.66,-1035.42,575
1595.63,-1033.56,576
1595.65,-1031.69,577
1595.63,-1030.61,578
1595.63,-1028.75,579
1595.62,-1026.85,580
1595.6,-1025.74,581
1595.57,-1023.85,582
1595.47,-1022.1,583
1595.44,-1019.18,584
1595.46,-1016.21,585
1595.47,-1014.31,586
1595.48,-1013.23,587
1595.49,-1011.16,588
1595.52,-1018.15,589
1595.52,-1015.23,590
1595.51,-1013.42,591
1595.49,-1012.24,592
1595.42,-1010.11,593
1595.32,-1008.07,594
1595.2,-1006.09,595
1595.11,-1004.11,596
1595.07,-1002.24,597
1595,-1001.07,598
1595.93,-998.87,599
1595.87,-997.79,600
1595.78,-995.89,601
1595.58,-994.13,602
1595.44,-991.16,603
1595.26,-989.32,604
1595.04,-987.58,605
1595.06,-985.67,606
1595.04,-983.86,607
1595.02,-982.1,608
1595.04,-979.23,609
1594.98,-977.48,610
1595.8,-975.92,611
1595.71,-973.95,612
1595.61,-972.01,613
1595.44,-969.19,614
1595.45,-966.26,615
1595.39,-964.36,616
1595.31,-962.6,617
1595.31,-960.71,618
1595.31,-958.91,619
1595.21,-957.27,620
1595.16,-954.36,621
1595.05,-952.49,622
1591.93,-949.11,623
1591.93,-946.14,624
1591.89,-944.26,625
1591.88,-941.32,626
1591.86,-939.43,627
1591.81,-937.63,628
1591.84,-935.7,629
1591.91,-933.73,630
1591.94,-931.74,631
1591.95,-929.74,632
1591.94,-927.86,633
1591.95,-925.91,634
1591.98,-923.96,635
1591.96,-922,636
1591.93,-920,637
1591.93,-917.01,638
1591.94,-914.89,639
1591.95,-913.76,640
1591.92,-911.77,641
1591.87,-909.78,642
1591.83,-907.74,643
1591.81,-905.76,644
1591.77,-903.78,645
1591.69,-901.84,646
1591.7,-899.79,647
1591.72,-897.68,648
1591.72,-895.66,649
1591.73,-893.68,650
1591.75,-891.69,651
1591.72,-889.77,652
1591.72,-887.75,653
1591.74,-885.74,654
1591.78,-883.63,655
1591.84,-880.67,656
1591.9,-878.72,657
1591.99,-876.75,658
1592.1,-874.75,659
1591.22,-872.73,660
1591.35,-870.66,661
1591.49,-868.55,662
1591.65,-866.42,663
1591.77,-863.46,664
1591.88,-861.49,665
1591.98,-859.52,666
1592.07,-857.49,667
1591.21,-855.48,668
1591.32,-853.42,669
1591.5,-851.31,670
1591.68,-849.14,671
1591.83,-846.98,672
1591.8,-844.94,673
1591.79,-842.86,674
1591.76,-840.78,675
1591.68,-838.7,676
1590.85,-835.76,677
1590.99,-833.82,678
1591.08,-831.87,679
1590.11,-829.92,680
1590.06,-827.98,681
1589.95,-826.05,682
1589.91,-823.12,683
1589.8,-821.19,684
1589.74,-818.17,685
1588.87,-816.18,686
1588.87,-814.18,687
1588.78,-811.25,688
1588.67,-808.28,689
1587.8,-805.32,690
1586.98,-802.38,691
1586.19,-799.41,692
1585.12,-797.44,693
1584.2,-795.48,694
1583.37,-793.51,695
1582.47,-791.56,696
1581.66,-789.61,697
1581.54,-787.61,698
1580.48,-785.62,699
1579.42,-783.66,700
1578.42,-781.69,701
1577.39,-779.72,702
1576.33,-777.81,703
1575.29,-775.91,704
1574.21,-774.04,705
1573.2,-771.05,706
1572.12,-769.11,707
1570.26,-767.24,708
1569.34,-765.38,709
1568.34,-763.56,710
1567.26,-762.46,711
1565.37,-760.42,712
1564.39,-758.42,713
1563.32,-756.48,714
1561.41,-754.62,715
1560.4,-753.53,716
1559.31,-751.47,717
1557.41,-749.47,718
1555.66,-746.64,719
1554.67,-745.5,720
1552.87,-743.49,721
1551.89,-741.51,722
1550.1,-739.63,723
1548.09,-737.81,724
1546.26,-736.72,725
1545.12,-734.69,726
1543.17,-732.77,727
1541.42,-730.99,728
1539.63,-729.11,729
1538.48,-726.96,730
1536.45,-725.86,731
1534.58,-723.9,732
1532.79,-722.82,733
1530.88,-720.95,734
1529.08,-719.88,735
1526.87,-717.93,736
1525.7,-716.09,737
1523.56,-714,738
1521.46,-713.08,739
1519.34,-710.96,740
1517.19,-709.96,741
1515.13,-708.15,742
1512.98,-706.17,743
1511.82,-704.36,744
1509.79,-701.54,745
1507.58,-700.52,746
1505.29,-699.27,747
1503.24,-697.14,748
1501.08,-695.18,749
1498.37,-694.1,750
1496.23,-691.8,751
1494.05,-690.99,752
1491.72,-689.9,753
1489.48,-688.77,754
1486.7,-686.99,755
1484.5,-685.81,756
1481.71,-683.86,757
1479.81,-682.78,758
1477.69,-681.56,759
1474.93,-679.73,760
1472.67,-678.65,761
1469.78,-677.42,762
1467.66,-675.6,763
1464.83,-674.53,764
1462.9,-673.41,765
1460.73,-672.17,766
1458.58,-670.03,767
1455.72,-668.8,768
1453.69,-667.95,769
1450.89,-666.95,770
1448.86,-665.87,771
1446.61,-664.78,772
1443.62,-663.05,773
1441.43,-661.26,774
1438.49,-660.24,775
1436.41,-659.22,776
1433.51,-657.99,777
1431.38,-656.73,778
1428.5,-654.88,779
1426.31,-653.83,780
1423.43,-652.68,781
1421.32,-651.36,782
1419.12,-649.38,783
1416.1,-648.21,784
1413.86,-646.36,785
1411.75,-644.24,786
1408.77,-643.02,787
1406.66,-641.04,788
1403.68,-639.95,789
1401.52,-639.71,790
1398.49,-637.75,791
1395.64,-636.7,792
1393.62,-635.54,793
1390.73,-634.35,794
1382.69,-634.93,795
1380.73,-633.88,796
1377.79,-632.85,797
1375.8,-630.89,798
1373.67,-629.85,799
1370.69,-628.87,800
1367.72,-627.85,801
1364.8,-626.82,802
1362.74,-624.83,803
1359.89,-623.88,804
1357.6,-623.81,805
1354.59,-622.87,806
1351.6,-622.78,807
1348.77,-621.89,808
1346.63,-620.96,809
1344.34,-619.93,810
1341.28,-618.97,811
1338.2,-618.93,812
1335.21,-617.92,813
1332.2,-616.96,814
1329.35,-616.03,815
,,
Track,,
Label :,左转2号,
"Coords (x,y:px; t:time)",,
x,y,t
971.8,-1122.33,4
971.63,-1121.35,5
971.44,-1121.37,6
971.26,-1121.38,7
971.01,-1121.4,8
970.75,-1121.41,9
974.49,-1122.91,10
973.48,-1122.9,11
973.48,-1122.9,12
973.48,-1122.9,13
973.48,-1122.9,14
973.48,-1122.91,15
973.49,-1122.93,16
973.49,-1122.94,17
973.49,-1122.96,18
973.48,-1122.96,19
973.48,-1122.97,20
973.46,-1122.96,21
973.44,-1122.95,22
973.46,-1122.96,23
973.48,-1122.98,24
973.49,-1122.99,25
973.52,-1122.99,26
973.56,-1122.98,27
973.59,-1122.98,28
973.62,-1122.97,29
973.64,-1122.96,30
973.66,-1122.95,31
973.67,-1122.94,32
973.68,-1122.91,33
973.69,-1122.88,34
973.7,-1122.85,35
973.71,-1122.81,36
973.72,-1122.77,37
973.73,-1122.73,38
973.74,-1122.69,39
973.78,-1122.65,40
973.82,-1122.6,41
973.86,-1122.56,42
973.91,-1122.52,43
973.97,-1122.49,44
974.02,-1122.45,45
973.08,-1122.41,46
973.13,-1122.37,47
973.19,-1122.34,48
973.26,-1122.31,49
974.19,-1122.27,50
974.12,-1122.23,51
974.04,-1122.19,52
973.97,-1122.15,53
974.9,-1122.12,54
974.83,-1122.09,55
974.76,-1122.07,56
974.69,-1122.05,57
974.63,-1122.02,58
974.59,-1121.97,59
974.56,-1122.9,60
974.53,-1122.82,61
974.51,-1122.75,62
974.5,-1122.68,63
974.48,-1122.61,64
974.47,-1122.55,65
974.45,-1122.48,66
974.44,-1122.42,67
974.43,-1122.35,68
974.41,-1122.28,69
974.4,-1122.21,70
974.39,-1122.14,71
974.38,-1122.08,72
974.37,-1122.03,73
974.36,-1121.96,74
974.34,-1122.9,75
974.31,-1122.83,76
974.28,-1122.76,77
974.24,-1122.69,78
974.21,-1122.63,79
974.17,-1122.57,80
974.13,-1122.52,81
974.09,-1122.48,82
974.04,-1122.44,83
974,-1122.4,84
974.95,-1122.36,85
974.91,-1122.32,86
974.86,-1122.28,87
974.8,-1122.23,88
974.75,-1122.18,89
974.71,-1122.13,90
974.69,-1122.08,91
974.67,-1122.03,92
974.66,-1121.98,93
974.65,-1122.92,94
974.64,-1122.87,95
974.64,-1122.8,96
974.63,-1122.73,97
974.64,-1122.65,98
974.66,-1122.56,99
974.69,-1122.47,100
974.73,-1122.38,101
974.76,-1122.29,102
974.82,-1121.37,103
974.87,-1121.46,104
974.93,-1121.54,105
974.99,-1121.62,106
975.06,-1121.69,107
974.12,-1121.75,108
974.18,-1121.81,109
974.25,-1121.86,110
974.32,-1121.92,111
974.38,-1121.98,112
974.45,-1122.03,113
975.37,-1121.07,114
975.28,-1121.11,115
975.19,-1121.16,116
975.1,-1121.2,117
974.17,-1121.26,118
974.24,-1121.32,119
974.3,-1121.37,120
974.37,-1121.44,121
974.44,-1121.52,122
974.5,-1121.59,123
974.57,-1121.67,124
974.64,-1121.74,125
974.7,-1121.81,126
974.77,-1121.87,127
974.83,-1121.93,128
974.89,-1121.95,129
974.95,-1121.97,130
975.02,-1121.99,131
974.09,-1122.01,132
974.16,-1121.04,133
974.23,-1121.07,134
974.3,-1121.11,135
974.37,-1121.15,136
974.44,-1121.19,137
974.51,-1121.22,138
974.57,-1121.25,139
974.63,-1121.28,140
974.69,-1121.3,141
974.75,-1121.33,142
974.81,-1121.34,143
974.87,-1121.36,144
974.93,-1121.37,145
974.99,-1121.38,146
975.05,-1121.38,147
974.11,-1121.38,148
974.17,-1121.38,149
974.23,-1121.38,150
974.28,-1121.37,151
974.34,-1121.36,152
974.4,-1121.34,153
974.47,-1121.33,154
974.53,-1121.3,155
974.6,-1121.29,156
974.67,-1121.26,157
974.73,-1121.24,158
974.78,-1121.23,159
974.83,-1121.22,160
974.88,-1121.21,161
974.93,-1121.22,162
974.98,-1121.24,163
975.05,-1121.25,164
974.11,-1121.26,165
974.18,-1121.28,166
974.25,-1121.31,167
975.18,-1121.32,168
975.13,-1121.34,169
975.08,-1121.38,170
975.04,-1121.43,171
975,-1121.48,172
975.96,-1121.54,173
975.92,-1121.6,174
975.9,-1121.67,175
975.88,-1121.75,176
975.87,-1121.84,177
975.84,-1122.72,178
975.82,-1122.61,179
975.84,-1121.7,180
975.83,-1122.59,181
975.82,-1122.48,182
975.82,-1122.39,183
975.83,-1122.31,184
975.85,-1122.22,185
975.87,-1122.14,186
975.9,-1122.05,187
975.93,-1121.97,188
975.97,-1122.88,189
976,-1122.79,190
975.04,-1122.7,191
975.08,-1122.62,192
975.13,-1122.55,193
975.18,-1122.47,194
975.24,-1122.4,195
975.3,-1122.34,196
975.35,-1122.28,197
975.41,-1122.23,198
975.47,-1122.18,199
975.53,-1122.13,200
975.59,-1122.08,201
975.65,-1122.02,202
975.71,-1121.95,203
975.76,-1122.88,204
975.82,-1122.8,205
975.89,-1122.73,206
976.81,-1122.64,207
975.87,-1122.57,208
975.94,-1122.51,209
976,-1122.47,210
976.06,-1122.43,211
975.12,-1122.4,212
975.18,-1122.37,213
975.23,-1122.35,214
975.29,-1122.33,215
975.35,-1122.32,216
975.41,-1122.32,217
975.47,-1122.32,218
975.53,-1122.32,219
975.59,-1122.3,220
975.64,-1122.29,221
975.69,-1122.29,222
975.74,-1122.29,223
975.8,-1122.29,224
975.85,-1122.3,225
975.91,-1122.31,226
975.97,-1122.32,227
976.03,-1122.33,228
975.09,-1122.34,229
975.16,-1122.35,230
975.22,-1122.37,231
975.29,-1122.39,232
975.36,-1122.41,233
975.43,-1122.43,234
975.5,-1122.43,235
975.57,-1122.42,236
975.64,-1122.41,237
975.7,-1122.39,238
975.77,-1122.38,239
975.83,-1122.36,240
975.89,-1122.33,241
975.95,-1122.31,242
976.01,-1122.28,243
975.07,-1122.25,244
975.14,-1122.2,245
975.2,-1122.14,246
975.27,-1122.08,247
975.33,-1122.03,248
975.4,-1121.95,249
975.47,-1122.87,250
975.54,-1122.79,251
975.6,-1122.69,252
975.66,-1122.6,253
976.57,-1121.67,254
976.49,-1121.71,255
976.41,-1121.74,256
976.32,-1121.77,257
976.24,-1121.79,258
976.15,-1121.81,259
976.07,-1121.84,260
975.98,-1121.86,261
976.89,-1121.89,262
976.8,-1121.91,263
976.71,-1121.93,264
976.63,-1121.96,265
976.55,-1121.98,266
976.47,-1122,267
976.38,-1121.03,268
976.31,-1121.05,269
976.24,-1121.1,270
976.17,-1121.14,271
976.11,-1121.19,272
976.05,-1121.23,273
975.99,-1121.26,274
976.93,-1121.29,275
976.86,-1121.32,276
976.79,-1121.36,277
976.73,-1121.39,278
976.66,-1121.44,279
976.59,-1121.48,280
976.52,-1121.52,281
976.46,-1121.56,282
976.39,-1121.62,283
976.33,-1121.68,284
976.27,-1121.75,285
976.21,-1121.82,286
976.14,-1121.88,287
976.09,-1121.96,288
976.05,-1122.05,289
976,-1121.14,290
975.96,-1121.23,291
976.92,-1121.32,292
976.87,-1121.42,293
976.82,-1121.51,294
976.77,-1121.59,295
976.72,-1121.68,296
976.68,-1121.78,297
976.63,-1121.87,298
976.56,-1122.78,299
976.49,-1122.71,300
976.41,-1122.65,301
976.34,-1122.59,302
976.26,-1122.52,303
976.18,-1122.46,304
975.25,-1122.41,305
975.31,-1122.36,306
975.37,-1122.32,307
975.43,-1122.27,308
975.49,-1122.23,309
975.56,-1122.2,310
975.62,-1122.17,311
975.69,-1122.16,312
975.76,-1122.15,313
975.83,-1122.14,314
976.74,-1122.11,315
976.66,-1122.08,316
976.59,-1122.05,317
976.51,-1122.02,318
976.45,-1121.99,319
976.38,-1122.96,320
976.31,-1122.92,321
976.23,-1122.88,322
976.15,-1122.84,323
976.07,-1122.81,324
975.98,-1122.79,325
976.9,-1122.77,326
976.81,-1122.75,327
976.72,-1122.74,328
976.63,-1122.72,329
975.7,-1122.73,330
975.77,-1122.73,331
975.83,-1122.74,332
975.9,-1122.74,333
975.97,-1122.73,334
976.03,-1122.72,335
975.1,-1122.71,336
975.16,-1122.7,337
975.23,-1122.69,338
975.29,-1122.67,339
975.35,-1122.66,340
975.42,-1122.64,341
975.48,-1122.62,342
975.55,-1122.6,343
976.47,-1122.56,344
976.41,-1122.52,345
976.35,-1122.48,346
976.29,-1122.44,347
976.24,-1122.4,348
976.19,-1122.36,349
976.14,-1122.32,350
976.08,-1122.27,351
976.03,-1122.23,352
975.97,-1122.18,353
976.91,-1122.11,354
976.84,-1122.05,355
976.79,-1121.97,356
976.76,-1122.89,357
976.73,-1122.81,358
976.72,-1122.74,359
976.71,-1122.69,360
976.7,-1122.64,361
976.68,-1122.57,362
976.67,-1122.51,363
976.66,-1122.45,364
976.66,-1122.38,365
976.65,-1122.31,366
976.65,-1122.25,367
976.65,-1122.2,368
976.66,-1122.13,369
976.67,-1122.06,370
976.67,-1121.98,371
976.68,-1122.89,372
976.68,-1122.81,373
976.69,-1122.72,374
976.7,-1122.63,375
976.71,-1122.54,376
976.72,-1122.45,377
976.73,-1122.36,378
976.74,-1122.25,379
976.75,-1122.14,380
976.77,-1122.02,381
976.78,-1121.93,382
976.81,-1122.83,383
976.83,-1122.72,384
976.85,-1122.63,385
976.87,-1122.54,386
976.89,-1122.45,387
976.91,-1122.36,388
976.92,-1122.27,389
976.93,-1122.16,390
976.93,-1122.05,391
976.93,-1121.93,392
976.94,-1122,393
976.94,-1122.04,394
976.94,-1121.09,395
976.94,-1121.14,396
976.93,-1121.19,397
976.93,-1121.24,398
976.92,-1121.29,399
976.92,-1121.34,400
976.91,-1121.39,401
976.91,-1121.44,402
976.89,-1121.5,403
976.85,-1121.53,404
976.8,-1121.55,405
976.75,-1121.54,406
976.69,-1121.5,407
976.62,-1121.45,408
976.55,-1121.36,409
976.47,-1121.26,410
976.39,-1121.16,411
976.32,-1121.05,412
976.27,-1120.13,413
976.22,-1120.18,414
976.15,-1120.19,415
976.08,-1120.18,416
975.15,-1120.18,417
975.21,-1120.17,418
975.27,-1120.12,419
975.33,-1120.05,420
975.4,-1119.97,421
975.46,-1120.04,422
975.53,-1119.1,423
975.59,-1119.12,424
975.65,-1119.14,425
975.71,-1119.12,426
975.78,-1119.06,427
975.84,-1118.95,428
975.89,-1119.02,429
975.94,-1118.07,430
975.99,-1118.1,431
976.04,-1118.11,432
975.09,-1118.1,433
975.13,-1118.05,434
975.16,-1118,435
975.2,-1118.92,436
975.23,-1117.99,437
975.27,-1118.05,438
975.31,-1117.07,439
975.35,-1117.06,440
975.38,-1117.02,441
975.41,-1116.97,442
975.43,-1117.87,443
975.47,-1116.95,444
975.48,-1116.99,445
975.5,-1116.98,446
975.5,-1116.92,447
975.51,-1116.01,448
975.5,-1115.05,449
975.49,-1115.03,450
975.47,-1114.95,451
975.46,-1115.02,452
975.45,-1114.01,453
975.43,-1113.94,454
975.43,-1114.01,455
974.45,-1112.12,456
974.47,-1112.14,457
974.48,-1112.04,458
974.51,-1111.05,459
974.53,-1110.95,460
974.56,-1110.92,461
974.59,-1109.97,462
974.64,-1109.89,463
974.7,-1108.86,464
975.64,-1107.88,465
975.6,-1106.96,466
975.58,-1106.08,467
975.54,-1104.98,468
975.51,-1104.92,469
975.49,-1103.89,470
975.47,-1102.88,471
975.49,-1101.88,472
975.5,-1100.88,473
975.51,-1099.86,474
975.53,-1098.79,475
975.57,-1097.71,476
977.01,-1096.29,477
977.01,-1095.23,478
977.03,-1094.12,479
977.07,-1092.2,480
977.12,-1091.21,481
978.08,-1090.13,482
978.06,-1088.22,483
978.03,-1087.2,484
978.01,-1086.1,485
978,-1084.12,486
978,-1083.02,487
978.04,-1081.05,488
978.09,-1079.99,489
979.06,-1079.06,490
979.04,-1077,491
979.04,-1076.07,492
979.04,-1074.01,493
979.06,-1072.06,494
979.07,-1070.96,495
979.11,-1069.95,496
980.09,-1068,497
980.06,-1065.89,498
980.03,-1064.89,499
980.03,-1062.97,500
980.03,-1061.87,501
980.04,-1059.86,502
980.07,-1057.92,503
980.11,-1056.01,504
980.15,-1053.92,505
980.19,-1052.88,506
980.24,-1050.89,507
980.29,-1048.95,508
981.25,-1047.02,509
981.22,-1044.13,510
981.2,-1042.25,511
981.17,-1041.18,512
980.24,-1039.13,513
981.21,-1037.05,514
981.18,-1034.97,515
981.15,-1033.92,516
981.12,-1031.87,517
981.08,-1029.82,518
981.05,-1027.77,519
981.02,-1025.69,520
980.99,-1023.58,521
981.97,-1020.69,522
981.96,-1018.77,523
981.95,-1016.79,524
981.94,-1014.82,525
981.93,-1012.84,526
981.92,-1010.83,527
981.94,-1008.78,528
981.96,-1006.7,529
981.99,-1003.8,530
982.04,-1001.88,531
981.09,-999.88,532
981.13,-997.85,533
981.18,-995.75,534
982.15,-992.82,535
982.14,-990.83,536
982.13,-988.77,537
982.14,-986.63,538
982.16,-983.66,539
982.19,-981.61,540
982.22,-979.51,541
983.18,-976.55,542
983.15,-974.52,543
983.12,-972.41,544
983.12,-969.42,545
983.12,-967.34,546
983.14,-964.37,547
983.16,-962.35,548
983.18,-960.21,549
984.15,-957.23,550
984.13,-955.14,551
984.13,-952.17,552
984.15,-950.12,553
984.16,-947.2,554
984.18,-945.22,555
984.2,-943.17,556
984.25,-941.04,557
985.23,-938.08,558
985.2,-936.04,559
985.17,-933.92,560
985.17,-931.95,561
985.17,-929.93,562
985.16,-927.88,563
985.17,-925.77,564
985.21,-922.83,565
985.26,-920.85,566
985.32,-918.78,567
986.3,-915.87,568
986.29,-913.91,569
986.28,-911.96,570
986.28,-910,571
986.29,-907,572
986.3,-904.99,573
986.34,-903.93,574
986.38,-901.83,575
986.43,-899.71,576
987.4,-896.77,577
987.38,-894.81,578
987.36,-892.87,579
987.35,-890.9,580
987.36,-888.92,581
987.37,-886.95,582
987.4,-884.92,583
987.43,-882.86,584
987.46,-880.82,585
987.49,-878.75,586
987.53,-876.74,587
988.49,-874.71,588
988.49,-872.71,589
988.51,-870.71,590
988.54,-868.74,591
988.58,-866.78,592
988.61,-864.83,593
989.58,-862.9,594
988.62,-861.78,595
989.59,-859.72,596
989.57,-857.69,597
989.59,-855.74,598
989.62,-853.82,599
989.66,-851.93,600
989.67,-849.99,601
989.68,-848.08,602
989.67,-845.13,603
989.63,-843.22,604
989.57,-842.15,605
989.5,-840.17,606
989.47,-837.22,607
989.42,-835.29,608
988.51,-834.26,609
988.45,-832.2,610
987.51,-830.16,611
987.46,-827.21,612
986.53,-826.14,613
986.47,-824.07,614
985.51,-822.03,615
984.56,-819.09,616
984.55,-818.04,617
983.59,-816,618
982.67,-814.07,619
982.63,-811.16,620
981.65,-809.27,621
980.71,-806.33,622
980.65,-804.37,623
979.62,-802.46,624
978.62,-799.52,625
977.63,-797.6,626
976.63,-796.53,627
975.62,-794.48,628
974.59,-792.43,629
973.56,-790.39,630
971.6,-788.39,631
970.63,-786.42,632
969.64,-784.46,633
968.61,-781.46,634
966.66,-779.51,635
965.66,-777.59,636
963.69,-776.51,637
962.68,-774.48,638
960.7,-772.48,639
959.68,-770.53,640
957.66,-769.46,641
955.68,-767.44,642
953.71,-765.47,643
952.7,-763.51,644
950.72,-761.56,645
948.74,-760.52,646
946.79,-758.55,647
945.74,-756.62,648
942.8,-755.59,649
941.76,-753.64,650
939.72,-752.59,651
937.68,-750.62,652
934.73,-749.58,653
932.79,-747.6,654
930.82,-746.55,655
928.86,-744.56,656
926.88,-743.5,657
924.88,-741.52,658
922.86,-740.46,659
919.91,-738.5,660
917.93,-737.46,661
915.94,-735.49,662
913.93,-734.46,663
911.91,-732.5,664
908.91,-731.5,665
905.95,-730.46,666
903.97,-728.5,667
901.95,-727.5,668
898.96,-726.45,669
896.91,-724.45,670
893.93,-722.51,671
891.88,-721.51,672
888.87,-720.47,673
885.92,-718.55,674
883.89,-717.58,675
880.91,-716.57,676
878.86,-715.51,677
875.86,-713.59,678
872.91,-712.65,679
870.87,-711.67,680
867.86,-710.65,681
864.88,-709.6,682
862.85,-707.63,683
859.84,-706.68,684
856.86,-705.73,685
853.9,-704.77,686
850.96,-703.8,687
848.93,-702.79,688
845.93,-701.77,689
842.93,-700.76,690
839.96,-699.74,691
836.98,-698.73,692
834.01,-697.71,693
830.98,-696.68,694
828.95,-695.67,695
825.93,-694.64,696
822.91,-693.63,697
819.89,-692.62,698
816.87,-691.61,699
813.85,-690.6,700
810.83,-689.6,701
807.82,-688.6,702
804.79,-687.6,703
801.75,-686.63,704
798.72,-685.66,705
794.77,-684.72,706
791.78,-684.66,707
788.77,-683.61,708
785.74,-682.58,709
781.8,-681.6,710
778.84,-680.62,711
775.87,-679.67,712
772.85,-679.61,713
769.83,-678.57,714
766.77,-677.57,715
762.8,-676.62,716
759.8,-676.56,717
756.78,-675.52,718
753.73,-674.52,719
749.76,-673.56,720
,,
,,
Track,,
Label :,轨道 1,
"Coords (x,y:px; t:time)",,
x,y,t
952.8,-1125.48,241
952.8,-1124.5,242
952.79,-1124.53,243
952.79,-1124.58,244
952.81,-1124.59,245
952.84,-1124.59,246
952.87,-1124.59,247
952.9,-1124.59,248
952.94,-1124.58,249
952.98,-1124.55,250
952.96,-1124.47,251
952.94,-1124.39,252
952.89,-1124.31,253
952.84,-1124.16,254
952.77,-1123.98,255
952.74,-1124.78,256
952.73,-1124.57,257
952.73,-1124.36,258
952.73,-1124.15,259
952.71,-1123.93,260
952.7,-1124.71,261
952.67,-1124.48,262
952.65,-1124.25,263
952.67,-1124.04,264
952.7,-1123.83,265
952.72,-1124.62,266
952.75,-1124.4,267
952.78,-1124.18,268
952.87,-1123.99,269
952.96,-1124.84,270
953.06,-1124.7,271
952.18,-1124.55,272
952.32,-1124.41,273
952.45,-1124.25,274
952.56,-1124.09,275
952.69,-1123.93,276
952.81,-1124.77,277
952.91,-1124.61,278
953.03,-1124.46,279
952.15,-1124.3,280
952.26,-1124.16,281
952.38,-1124.01,282
952.49,-1123.9,283
952.61,-1124.8,284
952.74,-1124.71,285
952.89,-1124.61,286
953.02,-1124.53,287
952.19,-1124.49,288
952.38,-1124.47,289
952.58,-1124.46,290
952.79,-1124.44,291
952.99,-1124.42,292
953.19,-1124.43,293
952.35,-1124.38,294
952.51,-1124.35,295
952.68,-1124.31,296
952.86,-1124.28,297
953.04,-1124.27,298
952.22,-1124.3,299
952.41,-1124.41,300
952.59,-1124.55,301
952.76,-1124.7,302
952.9,-1124.84,303
953.05,-1124.97,304
952.11,-1125.06,305
952.18,-1124.16,306
952.24,-1124.25,307
952.32,-1124.36,308
952.4,-1124.47,309
952.47,-1124.6,310
952.52,-1124.75,311
952.6,-1124.92,312
952.67,-1125.11,313
952.76,-1124.3,314
952.84,-1124.49,315
952.96,-1124.67,316
953.11,-1124.85,317
952.29,-1125.06,318
952.5,-1124.27,319
952.72,-1124.49,320
952.88,-1124.65,321
953.04,-1124.81,322
952.18,-1124.96,323
952.3,-1125.15,324
952.41,-1124.34,325
952.52,-1124.55,326
952.61,-1124.75,327
952.7,-1124.95,328
952.79,-1125.17,329
952.87,-1124.37,330
952.95,-1124.55,331
953.04,-1124.73,332
952.13,-1124.9,333
952.18,-1125.04,334
952.22,-1124.19,335
952.28,-1124.31,336
952.33,-1124.44,337
952.38,-1124.55,338
952.42,-1124.67,339
952.44,-1124.78,340
952.49,-1124.9,341
952.56,-1125.02,342
952.64,-1124.14,343
952.75,-1124.27,344
952.95,-1124.42,345
953.16,-1124.57,346
952.39,-1124.72,347
952.61,-1124.86,348
952.85,-1124.98,349
953.06,-1125.08,350
952.29,-1124.17,351
952.5,-1124.27,352
952.71,-1124.37,353
952.89,-1124.43,354
953.06,-1124.49,355
952.26,-1124.51,356
952.5,-1124.51,357
952.74,-1124.51,358
953.11,-1124.56,359
953.04,-1124.62,360
952.98,-1124.69,361
953.89,-1124.74,362
953.82,-1124.77,363
953.76,-1124.81,364
953.71,-1124.84,365
953.66,-1124.87,366
953.62,-1124.93,367
953.59,-1124.99,368
953.65,-1125.05,369
953.69,-1124.09,370
953.7,-1124.11,371
953.7,-1124.12,372
953.71,-1124.14,373
953.75,-1124.16,374
953.76,-1124.18,375
953.78,-1124.19,376
953.79,-1124.21,377
953.82,-1124.21,378
953.86,-1124.2,379
953.9,-1124.19,380
953.98,-1124.16,381
954.06,-1124.15,382
953.16,-1124.16,383
953.23,-1124.18,384
953.32,-1124.23,385
953.43,-1124.28,386
953.5,-1124.32,387
953.55,-1124.4,388
953.58,-1124.46,389
953.59,-1124.47,390
953.56,-1124.48,391
953.53,-1124.45,392
953.47,-1124.37,393
953.37,-1124.22,394
953.26,-1124.08,395
953.17,-1123.95,396
953.08,-1124.83,397
952.99,-1124.71,398
953.91,-1124.6,399
953.83,-1124.51,400
953.77,-1124.43,401
953.69,-1124.38,402
953.59,-1124.34,403
953.4,-1124.27,404
953.21,-1124.21,405
952.98,-1124.14,406
953.77,-1124.05,407
953.55,-1123.96,408
953.32,-1124.85,409
953.09,-1124.74,410
952.88,-1124.69,411
953.69,-1124.64,412
953.49,-1124.61,413
953.29,-1124.59,414
953.1,-1124.54,415
952.91,-1124.49,416
953.68,-1124.44,417
953.44,-1124.4,418
953.18,-1124.37,419
952.99,-1124.31,420
953.79,-1124.25,421
953.58,-1124.19,422
953.35,-1124.12,423
953.13,-1124.06,424
952.92,-1124,425
953.72,-1124.94,426
953.54,-1124.87,427
953.38,-1124.69,428
953.18,-1124.52,429
952.97,-1124.35,430
953.77,-1124.18,431
953.56,-1124.03,432
953.34,-1123.87,433
953.08,-1124.71,434
952.8,-1124.55,435
953.49,-1124.37,436
953.17,-1124.18,437
953.18,-1123.18,438
953.18,-1123.12,439
953.18,-1123.05,440
953.19,-1122.99,441
953.2,-1123.92,442
953.2,-1123.85,443
953.21,-1123.78,444
953.21,-1123.73,445
953.21,-1123.69,446
953.2,-1123.65,447
953.21,-1123.63,448
953.2,-1123.62,449
953.15,-1123.64,450
953.12,-1123.67,451
953.08,-1123.69,452
953.03,-1123.7,453
952.97,-1123.72,454
953.91,-1123.76,455
953.85,-1123.79,456
953.77,-1123.83,457
953.66,-1123.86,458
953.52,-1123.9,459
953.28,-1123.95,460
952.94,-1123.98,461
953.63,-1124.03,462
953.34,-1123.07,463
953.06,-1123.09,464
952.81,-1123.12,465
953.57,-1123.12,466
953.37,-1123.12,467
953.17,-1123.12,468
952.97,-1123.11,469
953.74,-1123.11,470
953.52,-1123.11,471
953.34,-1123.13,472
953.18,-1123.17,473
953.04,-1123.19,474
952.91,-1123.09,475
953.8,-1122.98,476
953.75,-1123.78,477
953.77,-1122.99,478
953.87,-1123.15,479
954,-1122.21,480
953.17,-1122.15,481
953.33,-1121.98,482
953.55,-1122.17,483
953.8,-1121.13,484
954.09,-1120.93,485
954.15,-1120.19,486
954.33,-1119.13,487
954.65,-1118.31,488
954.8,-1117.01,489
955.05,-1115.86,490
954.82,-1115.81,491
955.8,-1114.88,492
955.95,-1114.07,493
956.2,-1112.86,494
956.34,-1111.88,495
957.13,-1110.85,496
957.12,-1109.78,497
957.32,-1108.66,498
958.06,-1107.45,499
958.75,-1105.34,500
959.65,-1104.16,501
959.91,-1102.34,502
960.22,-1100.19,503
960.46,-1098.05,504
961.41,-1096.13,505
961.63,-1095.02,506
962.5,-1093.11,507
962.71,-1091.99,508
963.66,-1090.99,509
964.31,-1089.15,510
965.11,-1086.28,511
965.24,-1085.16,512
966.21,-1083.11,513
966.89,-1081.1,514
968.07,-1079.22,515
968.06,-1077.41,516
968.82,-1076.24,517
969.6,-1073.28,518
969.86,-1071.41,519
971.02,-1069.53,520
971.11,-1067.61,521
972.1,-1065.68,522
973.06,-1063.75,523
974.03,-1061.78,524
974.94,-1059.81,525
976.82,-1057.78,526
977.67,-1055.68,527
978.7,-1053.64,528
979.75,-1051.52,529
980.86,-1049.33,530
981.92,-1046.27,531
982.99,-1044.08,532
983.98,-1040.96,533
985.05,-1039.08,534
985.2,-1036.02,535
986.27,-1032.95,536
987.44,-1031.12,537
988.53,-1027.95,538
989.75,-1026.02,539
990.8,-1022.83,540
991.99,-1020.8,541
993.63,-1017.87,542
994.65,-1014.98,543
995.66,-1012.79,544
996.8,-1009.73,545
997.99,-1006.78,546
999.06,-1003.92,547
999.14,-1001.85,548
1000.17,-998.99,549
1001.26,-996.88,550
1002.29,-993.99,551
1003.28,-991.79,552
1004.29,-988.94,553
1005.21,-986.85,554
1006.17,-983.98,555
1007.01,-981.85,556
1007.99,-979.01,557
1009.88,-975.88,558
1010.64,-973.85,559
1011.53,-971.01,560
1011.83,-967.92,561
1012.73,-965.07,562
1013,-961.96,563
1013.89,-959.08,564
1014.1,-955.97,565
1014.92,-953.1,566
1016.02,-950.04,567
1016.87,-946.19,568
1018.08,-944.16,569
1018.31,-941.03,570
1019.08,-937.21,571
1019.28,-934.14,572
1019.53,-931.08,573
1019.74,-927.97,574
1019.96,-925.89,575
1020.14,-923.81,576
1020.33,-921.71,577
1020.52,-918.92,578
1020.7,-916.86,579
1020.91,-914.06,580
1021.1,-911,581
1021.21,-908.83,582
1021.38,-906.77,583
1021.48,-904.65,584
1021.57,-902.53,585
1021.63,-900.54,586
1021.74,-898.55,587
1021.87,-896.54,588
1021.98,-894.52,589
1022.1,-892.54,590
1022.23,-890.46,591
1022.3,-887.42,592
1022.34,-884.48,593
1022.42,-881.54,594
1024.45,-880.55,595
1024.47,-878.52,596
1024.56,-876.51,597
1024.61,-874.47,598
1024.65,-871.45,599
1024.7,-868.46,600
1024.75,-865.47,601
1024.8,-862.49,602
1024.81,-859.54,603
1024.9,-857.61,604
1024.96,-855.58,605
1025,-853.58,606
1025.03,-851.61,607
1025.13,-849.6,608
1025.21,-847.59,609
1025.24,-845.6,610
1025.36,-843.48,611
1025.47,-840.46,612
1025.55,-837.42,613
1025.59,-834.42,614
1027.32,-834.42,615
1027.42,-831.37,616
1027.52,-828.39,617
1027.72,-825.4,618
1027.9,-822.43,619
1028.01,-819.38,620
1028.11,-816.4,621
1028.24,-813.5,622
1028.32,-811.54,623
1028.4,-809.58,624
1029.23,-807.62,625
1029.34,-805.66,626
1030.19,-803.6,627
1030.28,-801.58,628
1031.19,-799.57,629
1032.08,-796.74,630
1032.95,-794.69,631
1033.86,-792.63,632
1034.74,-790.54,633
1035.62,-787.68,634
1036.53,-784.8,635
1036.64,-782.76,636
1037.58,-779.9,637
1038.5,-777.03,638
1039.41,-773.15,639
1040.26,-769.32,640
1041.16,-765.46,641
1045.03,-764.71,642
1045.92,-761.77,643
1046.8,-758.89,644
1047.53,-756.16,645
1048.38,-752.32,646
1049.17,-750.11,647
1050.14,-746.26,648
1050.98,-743.51,649
1051.97,-740.69,650
1052.89,-737.87,651
1053.8,-735.1,652
1054.77,-731.3,653
1055.73,-729.14,654
1056.69,-725.31,655
1057.64,-722.67,656
1058.6,-719.9,657
1059.61,-717.12,658
1060.59,-713.31,659
1061.56,-709.53,660
1062.59,-706.81,661
1063.59,-704.02,662
1064.64,-700.88,663
1065.69,-698.15,664
1066.73,-694.44,665
1068.78,-699,666
1069.82,-695.17,667
1070.96,-693.02,668
1071.95,-689.19,669
1073.05,-687.04,670
1074.16,-683.25,671
1075.21,-679.43,672
1076.39,-677.3,673
1077.46,-673.55,674
1078.58,-670.81,675
1079.68,-668.57,676
1080.77,-665.82,677
1081.88,-663.09,678
1083.06,-659.35,679
1084.24,-656.04,680
1085.43,-652.45,681
1086.8,-648.89,682
1088.17,-646.36,683
1089.68,-642.8,684
1091.28,-640.37,685
1092.88,-636.82,686
1094.32,-634.45,687
1095.85,-630.92,688
1097.43,-628.52,689
1099,-626.06,690
1100.69,-622.7,691
1102.42,-620.32,692
1104.26,-616.94,693
1106.13,-614.57,694
1107.99,-612.1,695
1109.84,-608.53,696
1111.64,-606.27,697
1113.48,-602.85,698
1115.42,-600.42,699
1117.46,-597.07,700
1111.56,-620.15,701
1113.42,-616.48,702
1115.29,-612.85,703
1117.25,-610.21,704
1119.17,-606.56,705
1120.47,-604.61,706
1122.53,-602.25,707
1124.45,-598.59,708
1126.37,-595.87,709
1127.71,-593.91,710
1129.66,-591.17,711
1131.67,-587.51,712
1133.68,-584.83,713
1135.68,-582.13,714
1137.5,-578.9,715
1139.37,-576.2,716
1141.34,-572.52,717
1143.26,-569.8,718
1145.06,-567.72,719
1146.96,-564.89,720
1149.27,-562.77,721
1151.14,-559.9,722
1152.44,-557.65,723
1154.37,-554.8,724
1156.21,-552.09,725
1158.17,-548.25,726
1159.98,-545.45,727
1162.27,-543.34,728
1164.14,-539.41,729
1165.88,-536.56,730
1168.1,-533.79,731
1169.9,-530.93,732
1172.61,-528.14,733
1173.77,-524.83,734
1175.58,-521.87,735
1176.87,-518.95,736
1178.66,-515.98,737
1180.27,-513,738
1182.06,-509.04,739
1183.27,-506.05,740
1184.99,-502.19,741
1187.17,-499.32,742
1188.09,-496.53,743
1189.83,-493.78,744
1191.93,-490.98,745
1193.69,-488.23,746
1194.84,-484.9,747
1196.51,-481.94,748
1197.57,-479,749
1199.29,-475.1,750
1200.44,-472.22,751
1202.27,-469.34,752
1203.51,-466.42,753
1204.71,-462.45,754
1206.58,-459.55,755
1207.73,-456.62,756
1209.53,-453.78,757
1210.58,-450.91,758
1212.25,-448.1,759
1213.42,-444.16,760
1215.19,-441.3,761
1216.13,-438.45,762
1217.27,-435.59,763
1219,-432.75,764
1218.94,-432.54,765
1219.99,-429.56,766
1221.78,-426.59,767
1222.67,-423.68,768
1223.67,-420.74,769
1224.75,-417.84,770
1226.56,-414.96,771
1227.42,-412.09,772
1228.37,-408.22,773
1229.39,-405.36,774
1230.45,-402.52,775
1231.49,-399.53,776
1232.57,-396.55,777
1234.46,-393.59,778
1235.4,-390.64,779
1236.33,-387.72,780
1237.3,-384.73,781
1238.27,-381.77,782
1239.27,-378.84,783
1240.16,-375.86,784
1241.1,-372.93,785
1242.05,-369.95,786
1243,-367.01,787
1243.95,-363.1,788
1245.88,-360.97,789
1246.79,-357.99,790
1247.71,-355.05,791
1248.63,-351.08,792
1249.54,-348.14,793
1250.45,-344.17,794
1250.41,-341.21,795
1249.44,-350.19,796
1249.5,-346.2,797
1249.56,-343.2,798
,,
Track,,
Label :,轨道 3,
"Coords (x,y:px; t:time)",,
x,y,t
1609.78,-604.8,551
1606.8,-604.78,552
1603.85,-604.76,553
1600.9,-604.72,554
1597.96,-604.69,555
1595.89,-604.64,556
1592.83,-604.6,557
1589.78,-604.56,558
1586.74,-604.53,559
1583.69,-604.51,560
1580.64,-604.51,561
1577.6,-604.53,562
1574.56,-604.57,563
1571.52,-604.61,564
1568.48,-604.66,565
1565.45,-604.72,566
1562.43,-604.81,567
1559.45,-604.82,568
1556.48,-604.83,569
1553.52,-604.86,570
1550.58,-604.9,571
1547.64,-604.97,572
1545.58,-605.04,573
1542.54,-604.11,574
1539.5,-604.18,575
1536.49,-604.25,576
1533.5,-604.32,577
1530.53,-604.39,578
1527.57,-604.43,579
1524.63,-604.46,580
1522.59,-604.46,581
1519.56,-604.44,582
1516.56,-604.41,583
1513.57,-604.36,584
1510.62,-604.28,585
1508.57,-604.18,586
1505.56,-603.26,587
1502.58,-603.31,588
1499.63,-603.36,589
1497.59,-603.38,590
1494.58,-603.36,591
1491.59,-603.32,592
1488.64,-603.26,593
1486.59,-603.17,594
1483.64,-603.15,595
1481.57,-603.08,596
1478.55,-602.98,597
1475.59,-603.09,598
1473.52,-602.15,599
1470.51,-602.19,600
1467.55,-602.22,601
1465.49,-602.22,602
1462.48,-602.21,603
1459.51,-602.19,604
1457.45,-602.13,605
1454.46,-602.06,606
1451.51,-601.99,607
1449.48,-602.12,608
1446.5,-601.23,609
1443.56,-601.34,610
1441.53,-601.42,611
1438.55,-601.48,612
1436.48,-601.52,613
1433.45,-601.56,614
1430.47,-601.57,615
1427.51,-601.55,616
1424.58,-601.52,617
1422.54,-601.49,618
1419.55,-601.44,619
1416.59,-601.39,620
1414.53,-601.31,621
1411.51,-601.23,622
1408.52,-601.14,623
1405.57,-601.05,624
1403.52,-600.95,625
1400.5,-601.07,626
1397.52,-600.2,627
1394.57,-600.31,628
1392.52,-600.42,629
1389.52,-600.52,630
1386.55,-600.62,631
1384.49,-600.72,632
1381.48,-600.83,633
1378.51,-600.93,634
1376.47,-601,635
1373.46,-600.08,636
1370.5,-600.17,637
1368.46,-600.24,638
1365.46,-600.3,639
1362.51,-600.36,640
1360.46,-600.4,641
1357.47,-600.43,642
1354.55,-600.44,643
1352.51,-600.44,644
1349.55,-600.43,645
1347.48,-600.41,646
1344.5,-600.39,647
1342.44,-600.35,648
1339.45,-600.31,649
1337.39,-600.25,650
1334.41,-600.18,651
1332.34,-600.11,652
1329.36,-600.04,653
1327.33,-599.14,654
1324.38,-599.24,655
1322.36,-599.3,656
1320.29,-599.35,657
1317.3,-599.39,658
1315.24,-599.4,659
1312.28,-599.4,660
1310.24,-599.4,661
1307.3,-599.35,662
1305.29,-599.28,663
1303.24,-598.39,664
1300.29,-598.47,665
1298.3,-598.52,666
1296.24,-598.54,667
1293.3,-598.55,668
1291.31,-598.51,669
1289.28,-598.46,670
1287.22,-598.36,671
1284.25,-597.45,672
1282.25,-597.51,673
1280.22,-597.53,674
1278.15,-597.52,675
1275.21,-597.51,676
1273.23,-597.45,677
1271.24,-597.36,678
1269.23,-596.45,679
1267.21,-596.54,680
1265.16,-596.59,681
1263.11,-596.62,682
1261.04,-596.59,683
1258.97,-596.56,684
1257.91,-596.49,685
1255.85,-596.39,686
1253.81,-595.49,687
1251.76,-595.54,688
1249.74,-595.56,689
1247.73,-595.55,690
1245.74,-595.53,691
1243.77,-595.49,692
1241.81,-595.43,693
1240.75,-595.36,694
1238.71,-595.28,695
1236.71,-594.37,696
1234.73,-594.47,697
1232.79,-594.55,698
1231.75,-594.62,699
1229.75,-594.68,700
1227.79,-594.75,701
1226.75,-594.8,702
1224.73,-594.85,703
1222.76,-594.9,704
1221.72,-594.95,705
1219.7,-594.99,706
1217.73,-595.02,707
1216.68,-594.07,708
1214.69,-594.11,709
1212.74,-594.15,710
1210.81,-594.14,711
1209.81,-594.14,712
1207.87,-594.13,713
1206.86,-594.13,714
1204.93,-594.15,715
1203.91,-594.15,716
1201.97,-594.16,717
1200.98,-594.16,718
1199.93,-594.16,719
1197.94,-594.14,720
1196.88,-594.11,721
1194.88,-594.06,722
1192.94,-593.98,723
1191.92,-594.05,724
1189.96,-593.11,725
1188.92,-593.14,726
1186.93,-593.15,727
1185.88,-593.15,728
1183.89,-593.11,729
1181.96,-593.07,730
1180.97,-593,731
1179.03,-593.92,732
1177.05,-593,733
1176,-592.05,734
1174.04,-592.08,735
1173.01,-592.08,736
1171.05,-592.07,737
1170.03,-592.03,738
1168.1,-591.97,739
1167.1,-592.05,740
1166.04,-591.11,741
1164.06,-591.16,742
1163.02,-591.2,743
1161.06,-591.24,744
1160.05,-591.24,745
1158.09,-591.24,746
1157.07,-591.22,747
1155.12,-591.2,748
1154.1,-591.16,749
1152.13,-591.11,750
1151.1,-591.06,751
1149.13,-590.99,752
1148.07,-591.07,753
1146.06,-590.15,754
1144.09,-590.22,755
1143.03,-590.27,756
1140.98,-590.3,757
1139.97,-590.32,758
1137.98,-590.34,759
1136.01,-590.35,760
1133.05,-590.37,761
1131.1,-590.39,762
1129.15,-590.38,763
1127.2,-590.36,764
1125.26,-590.33,765
1123.32,-590.3,766
1121.38,-590.26,767
1119.44,-590.22,768
1117.49,-590.17,769
1115.51,-590.12,770
1113.51,-590.06,771
1111.48,-590,772
1109.43,-590.93,773
1106.49,-590.87,774
1104.52,-590.82,775
1102.52,-590.77,776
1100.5,-590.73,777
1098.44,-590.69,778
1095.48,-590.67,779
1093.47,-590.66,780
1091.42,-590.66,781
1088.46,-590.69,782
1086.45,-590.75,783
1083.51,-590.83,784
1081.5,-591.75,785
1078.56,-591.72,786
1076.55,-591.71,787
1073.62,-591.75,788
1071.57,-591.77,789
1068.57,-591.8,790
1065.64,-591.87,791
1063.63,-592.78,792
1060.66,-592.75,793
1058.6,-592.76,794
1055.64,-592.8,795
1053.59,-592.85,796
1050.58,-592.95,797
1047.6,-593.9,798
1044.67,-593.9,799
1042.62,-593.92,800
1039.59,-593.96,801
1036.58,-594.92,802
1033.58,-594.93,803
1030.59,-594.98,804
1027.6,-595.93,805
1024.6,-595.92,806
1021.61,-595.95,807
1018.61,-596,808
1015.6,-596.02,809
1012.57,-596.08,810
1009.51,-596.96,811
1005.56,-597.91,812
1002.58,-597.91,813
999.58,-597.96,814
996.53,-598.92,815
993.51,-598.95,816
989.57,-599.86,817
986.57,-599.8,818
983.54,-599.78,819
979.56,-599.82,820
976.52,-600.73,821
972.54,-600.7,822
969.5,-600.72,823
965.52,-600.78,824
962.46,-601.74,825
958.45,-601.75,826
954.47,-601.81,827
951.41,-602.76,828
947.39,-602.74,829
943.39,-602.78,830
939.43,-603.7,831
936.37,-603.67,832
932.34,-603.71,833
928.33,-604.63,834
924.35,-604.6,835
920.38,-604.61,836
916.42,-604.67,837
912.47,-605.6,838
909.42,-605.57,839
905.37,-605.59,840
901.32,-605.64,841
897.27,-606.56,842
893.22,-606.52,843
888.28,-606.51,844
884.32,-606.52,845
880.34,-606.55,846
876.36,-607.47,847
872.35,-607.42,848
868.34,-607.38,849
864.3,-607.38,850
859.35,-607.41,851
855.38,-607.47,852
851.37,-608.42,853
847.34,-608.39,854
842.39,-608.39,855
838.38,-608.43,856
833.45,-609.34,857
829.47,-609.28,858
825.45,-609.26,859
820.5,-609.27,860
816.5,-609.32,861
812.46,-610.23,862
807.47,-610.17,863
803.44,-610.15,864
798.48,-610.17,865
794.48,-610.22,866
790.45,-611.15,867
785.48,-611.13,868
781.48,-611.15,869
777.44,-611.21,870
772.48,-612.16,871
768.48,-612.17,872
764.45,-612.22,873
759.48,-613.16,874
755.49,-613.15,875
751.47,-613.18,876
747.42,-614.1,877
743.39,-614.18,878
739.35,-615.12,879
735.3,-615.07,880
731.3,-615.1,881
,,
Track,,
Label :,左转一号,
"Coords (x,y:px; t:time)",,
x,y,t
2134.74,-789.06,1358
2130.71,-789.22,1359
2126.69,-790.2,1360
2122.68,-791,1361
2118.64,-791.04,1362
2114.63,-791.89,1363
2110.64,-792.96,1364
2106.65,-793.92,1365
2102.67,-794.07,1366
2098.7,-794.05,1367
2094.77,-794.9,1368
2090.88,-795.9,1369
2086.98,-796.74,1370
2083.89,-796.77,1371
2079.85,-797.63,1372
2075.82,-797.71,1373
2071.84,-798.62,1374
2067.92,-798.76,1375
2064.03,-799.72,1376
2059.97,-799.85,1377
2056.96,-800.85,1378
2053.04,-801.7,1379
2048.95,-801.74,1380
2045.94,-802.61,1381
2042.02,-802.73,1382
2037.94,-803.66,1383
2034.94,-803.77,1384
2031.84,-804.72,1385
2027.85,-804.91,1386
2024.73,-805.95,1387
2020.71,-806.86,1388
2016.83,-807.04,1389
2013.74,-807.9,1390
2009.84,-809,1391
2006.83,-808.96,1392
2003.77,-810.16,1393
2000.64,-810.15,1394
1996.73,-810.93,1395
1993.78,-811.97,1396
1990.84,-812.85,1397
1987.83,-813.06,1398
1984.81,-812.89,1399
1981.84,-813.86,1400
1978.86,-813.92,1401
1975.94,-814.08,1402
1973,-814.26,1403
1970.92,-815.07,1404
1968.8,-815.22,1405
1965.8,-816.11,1406
1963.68,-816.27,1407
1960.71,-817.23,1408
1958.62,-818.08,1409
1956.53,-818.89,1410
1953.61,-819.95,1411
1951.63,-820.87,1412
1949.59,-821.02,1413
1947.55,-821.88,1414
1945.5,-822.99,1415
1943.5,-823.87,1416
1941.46,-824.02,1417
1938.47,-824.9,1418
1936.47,-826.06,1419
1933.46,-827.02,1420
1931.43,-827.98,1421
1929.42,-829.94,1422
1927.42,-830.93,1423
1924.46,-831.97,1424
1922.53,-833.03,1425
1920.6,-833.11,1426
1918.69,-834.23,1427
1916.75,-835.32,1428
1914.86,-837.23,1429
1913.73,-838.22,1430
1911.8,-839.37,1431
1909.9,-841.38,1432
1908.02,-843.28,1433
1905.96,-844.32,1434
1904.97,-846.26,1435
1903.05,-847.32,1436
1900.14,-849.22,1437
1899.11,-850.29,1438
1897.19,-852.27,1439
1896.16,-854.21,1440
1894.22,-855.3,1441
1892.13,-857.27,1442
1890.13,-859.19,1443
1889.06,-861.12,1444
1887.11,-862.22,1445
1886.11,-864.31,1446
1884.06,-866.26,1447
1882.14,-868.21,1448
1881.15,-870.21,1449
1880.11,-872.21,1450
1878.06,-874.19,1451
1876.96,-876.22,1452
1876.08,-878.28,1453
1874.03,-880.3,1454
1872.95,-882.37,1455
1872.86,-884.48,1456
1871.84,-886.51,1457
1870.77,-888.61,1458
1869.69,-890.74,1459
1867.79,-893.65,1460
1866.87,-895.6,1461
1865.94,-897.63,1462
1864.98,-899.71,1463
1864,-902.63,1464
1863.01,-904.6,1465
1860.99,-906.64,1466
1860.97,-908.76,1467
1859.99,-910.84,1468
1858.99,-913.74,1469
1857.95,-915.74,1470
1856.94,-917.81,1471
1855.96,-919.88,1472
1854.93,-922.75,1473
1853.97,-924.77,1474
1853.05,-926.87,1475
1850.98,-929.74,1476
1850.95,-931.68,1477
1849.9,-933.7,1478
1848.88,-935.81,1479
1847.91,-937.79,1480
1846.91,-940.64,1481
1845.91,-942.57,1482
1844.91,-944.49,1483
1843.93,-946.43,1484
1842.98,-948.43,1485
1842.04,-950.52,1486
1841.06,-952.56,1487
1840.11,-954.63,1488
1839.18,-956.76,1489
1838.27,-958.91,1490
1837.3,-961.82,1491
1836.29,-963.75,1492
1835.36,-965.73,1493
1834.43,-967.74,1494
1833.53,-969.77,1495
1832.62,-971.83,1496
1831.61,-973.8,1497
1830.6,-975.84,1498
1829.59,-977.91,1499
1828.53,-979.95,1500
1827.48,-982,1501
1826.4,-984.03,1502
1824.56,-985.15,1503
1823.51,-987.12,1504
1822.39,-989.1,1505
1821.25,-991.07,1506
1819.4,-993.07,1507
1818.55,-995.07,1508
1817.62,-997.06,1509
1816.66,-999.01,1510
1815.6,-1000.95,1511
1814.48,-1003.85,1512
1813.41,-1005.8,1513
1812.25,-1007.73,1514
1810.29,-1009.67,1515
1809.23,-1011.56,1516
1807.37,-1013.48,1517
1806.37,-1015.36,1518
1805.25,-1017.22,1519
1804.13,-1019.18,1520
1802.19,-1021.19,1521
1801.09,-1023.11,1522
1799.21,-1025.11,1523
1798.17,-1027.08,1524
1797.04,-1029.03,1525
1795.05,-1030.99,1526
1793.95,-1033.94,1527
1793,-1035.92,1528
1791.9,-1037.85,1529
1789.97,-1039.83,1530
1788.9,-1041.81,1531
1786.98,-1043.88,1532
1785.92,-1045.94,1533
1784.02,-1048.07,1534
1781.95,-1049.91,1535
1781.04,-1052.8,1536
1779.01,-1054.73,1537
1777.88,-1056.72,1538
1776.91,-1058.81,1539
1775.85,-1060.94,1540
1773.91,-1063.87,1541
1772.89,-1065.87,1542
1771.79,-1067.91,1543
1769.81,-1070.75,1544
1768.74,-1072.81,1545
1767.64,-1074.94,1546
1765.7,-1077.83,1547
1764.72,-1079.79,1548
1763.7,-1081.82,1549
1762.64,-1083.89,1550
1761.55,-1085.99,1551
1759.65,-1088.89,1552
1758.73,-1090.84,1553
1757.78,-1092.86,1554
1756.85,-1094.93,1555
1755.81,-1096.95,1556
1754.72,-1099.07,1557
1753.71,-1101.12,1558
1752.68,-1103.22,1559
1751.69,-1105.3,1560
1750.61,-1108.16,1561
1749.5,-1110.1,1562
1748.38,-1112.12,1563
1746.46,-1115.02,1564
1745.54,-1117.01,1565
1744.56,-1119.07,1566
1743.52,-1121.94,1567
1742.44,-1124.86,1568
1741.33,-1126.9,1569
1739.43,-1129.8,1570
1738.49,-1131.81,1571
1737.53,-1133.88,1572
1736.54,-1136.02,1573
1734.71,-1138.01,1574
1733.69,-1140.05,1575
1732.65,-1142.15,1576
1730.75,-1145.12,1577
1729.77,-1147.11,1578
1729.78,-1147.16,1579
1729.81,-1147.22,1580
1729.76,-1147.29,1581
1729.77,-1147.37,1582
1729.8,-1147.42,1583
1729.82,-1147.44,1584
1719.85,-1164.36,1585
1718.77,-1166.39,1586
1716.78,-1169.31,1587
1714.9,-1171.3,1588
1713.01,-1173.36,1589
1710.99,-1175.43,1590
1710.03,-1178.33,1591
1707.94,-1180.3,1592
1706.92,-1182.36,1593
1704.93,-1185.23,1594
1702.99,-1187.23,1595
1701.91,-1189.29,1596
1699.84,-1192.21,1597
1697.81,-1194.2,1598
1695.82,-1196.27,1599
1693.82,-1199.22,1600
1691.86,-1201.25,1601
1689.87,-1204.15,1602
1687.88,-1206.2,1603
1685.9,-1209.13,1604
1683.9,-1211.14,1605
1681.91,-1213.18,1606
1679.91,-1215.26,1607
1677.89,-1217.28,1608
1675.88,-1220.22,1609
1673.82,-1222.22,1610
1671.81,-1224.3,1611
1669.79,-1227.23,1612
1667.72,-1229.25,1613
1665.69,-1231.28,1614
1663.64,-1233.33,1615
1660.71,-1236.32,1616
1658.67,-1238.35,1617
1655.77,-1241.3,1618
1653.83,-1243.31,1619
1651.83,-1246.28,1620
1649.79,-1248.32,1621
1646.82,-1251.29,1622
1644.82,-1253.33,1623
1642.79,-1255.35,1624
1639.86,-1258.33,1625
1637.88,-1260.36,1626
1635.83,-1262.4,1627
1632.85,-1265.38,1628
1630.81,-1267.37,1629
1628.77,-1269.38,1630
1625.81,-1272.34,1631
1623.82,-1274.36,1632
1621.78,-1277.3,1633
1619.72,-1279.35,1634
1616.72,-1282.3,1635
1614.65,-1284.32,1636
1612.61,-1286.34,1637
1609.61,-1289.28,1638
1607.56,-1291.26,1639
1604.57,-1293.31,1640
1601.63,-1296.25,1641
1599.63,-1298.23,1642
1597.57,-1300.22,1643
1594.58,-1302.28,1644
1591.63,-1305.23,1645
1589.6,-1307.22,1646
1586.64,-1309.25,1647
1584.6,-1311.31,1648
1582.51,-1313.34,1649
1579.5,-1315.42,1650
1576.54,-1318.37,1651
1574.47,-1320.34,1652
1571.47,-1322.39,1653
1569.39,-1324.46,1654
1566.35,-1326.56,1655
1563.35,-1329.54,1656
1560.41,-1331.57,1657
1558.36,-1333.63,1658
1555.35,-1336.55,1659
1552.37,-1338.51,1660
1549.41,-1340.5,1661
1547.37,-1342.52,1662
1544.36,-1344.57,1663
1541.39,-1347.5,1664
1538.44,-1349.47,1665
1536.41,-1351.45,1666
1533.42,-1353.48,1667
1530.45,-1355.57,1668
1528.39,-1358.5,1669
1525.38,-1360.52,1670
1522.41,-1362.59,1671
1519.48,-1365.57,1672
1517.46,-1367.57,1673
1514.5,-1369.65,1674
1512.44,-1372.6,1675
1509.42,-1374.63,1676
1506.44,-1377.56,1677
1503.5,-1379.57,1678
1501.5,-1381.63,1679
1498.54,-1384.6,1680
1496.52,-1386.64,1681
1493.55,-1389.6,1682
1491.52,-1391.63,1683
1488.55,-1394.6,1684
1486.53,-1396.64,1685
1483.56,-1399.64,1686
1480.62,-1402.6,1687
1478.65,-1404.62,1688
1475.7,-1407.59,1689
1473.68,-1410.56,1690
1470.72,-1412.6,1691
1468.71,-1415.59,1692
1465.74,-1417.65,1693
1463.71,-1420.67,1694
1460.76,-1423.64,1695
1458.79,-1426.6,1696
1456.79,-1428.65,1697
1454.77,-1431.65,1698
1451.79,-1433.71,1699
1449.77,-1436.7,1700
,,
Track,,
Label :,轨道 4,
"Coords (x,y:px; t:time)",,
x,y,t
1898.96,-641.26,3407
1898.94,-641.27,3408
1898.93,-642.31,3409
1898.88,-643.34,3410
1898.82,-644.37,3411
1898.77,-645.42,3412
1898.69,-646.47,3413
1898.57,-647.52,3414
1898.47,-648.58,3415
1897.62,-650.55,3416
1897.76,-651.5,3417
1897.91,-652.47,3418
1897.92,-652.47,3419
1897.9,-653.46,3420
1897.89,-654.47,3421
1897.87,-655.5,3422
1897.8,-656.56,3423
1897.79,-657.63,3424
1897.75,-658.7,3425
1897.66,-660.64,3426
1897.59,-661.58,3427
1897.58,-662.56,3428
1897.55,-663.55,3429
1897.53,-664.54,3430
1897.56,-665.54,3431
1897.61,-666.54,3432
1897.65,-667.56,3433
1897.7,-668.58,3434
1897.76,-669.63,3435
1897.85,-670.69,3436
1897.94,-671.73,3437
1898.03,-672.77,3438
1897.14,-673.81,3439
1897.15,-674.79,3440
1897.16,-675.78,3441
1897.2,-676.81,3442
1897.24,-677.86,3443
1897.28,-678.91,3444
1897.31,-679.93,3445
1897.41,-680.97,3446
1897.51,-681.98,3447
1897.67,-683.02,3448
1897.86,-683.06,3449
1898.07,-684.09,3450
1898.09,-684.04,3451
1898.13,-685.01,3452
1898.24,-685.99,3453
1898.36,-687.98,3454
1898.48,-688.98,3455
1898.63,-689.99,3456
1898.81,-691,3457
1898.99,-691.04,3458
1899.2,-692.07,3459
1898.4,-693.1,3460
1898.59,-694.1,3461
1898.78,-695.09,3462
1898.95,-696.05,3463
1899.1,-696.99,3464
1898.24,-698.94,3465
1898.35,-699.88,3466
1898.42,-700.81,3467
1898.49,-701.77,3468
1898.54,-702.7,3469
1898.63,-703.63,3470
1898.72,-704.54,3471
1898.77,-705.49,3472
1898.81,-706.4,3473
1898.86,-707.3,3474
1898.95,-707.38,3475
1898.97,-709.27,3476
1899.07,-709.37,3477
1898.2,-710.45,3478
1898.29,-712.36,3479
1898.41,-712.43,3480
1898.51,-713.44,3481
1898.6,-714.42,3482
1898.66,-715.4,3483
1898.66,-716.37,3484
1898.67,-717.32,3485
1898.66,-718.25,3486
1898.61,-718.2,3487
1898.53,-719.12,3488
1898.42,-720.06,3489
1898.26,-720.99,3490
1898.11,-722.11,3491
1898.05,-722.06,3492
1897.96,-722.95,3493
1898.89,-724.81,3494
1898.85,-725.68,3495
1898.8,-726.46,3496
1898.75,-726.51,3497
1898.74,-727.43,3498
1898.69,-728.25,3499
1898.71,-728.36,3500
1898.66,-728.3,3501
1898.59,-729.2,3502
1898.45,-730.11,3503
1898.36,-729.97,3504
1898.29,-731.05,3505
1898.14,-731.08,3506
1898.03,-730.94,3507
1897.91,-732.04,3508
1897.81,-731.95,3509
1897.62,-733.81,3510
1896.73,-734.72,3511
1896.58,-735.62,3512
1895.73,-736.6,3513
1895.77,-737.53,3514
1895.73,-738.43,3515
1895.66,-738.6,3516
1895.53,-739.51,3517
1894.66,-740.43,3518
1894.71,-741.31,3519
1894.74,-741.47,3520
1894.68,-742.54,3521
1894.53,-743.59,3522
1894.45,-744.56,3523
1893.55,-745.54,3524
1893.54,-746.49,3525
1893.45,-747.4,3526
1892.54,-748.37,3527
1892.5,-749.23,3528
1892.44,-749.39,3529
1891.57,-750.53,3530
1890.73,-751.47,3531
1890.77,-752.31,3532
1890.78,-752.44,3533
1890.66,-753.52,3534
1890.54,-754.43,3535
1889.64,-755.35,3536
1889.62,-756.17,3537
1889.52,-756.05,3538
1888.6,-756.93,3539
1888.69,-758.06,3540
1888.56,-757.92,3541
1887.6,-759.77,3542
1887.69,-759.85,3543
1887.66,-760.88,3544
1886.81,-761.94,3545
1886.72,-762.87,3546
1885.81,-763.81,3547
1885.8,-764.7,3548
1885.77,-764.83,3549
1885.6,-765.86,3550
1884.61,-766.9,3551
1883.8,-767.92,3552
1883.67,-768.77,3553
1882.81,-768.92,3554
1882.79,-769.92,3555
1882.65,-770.8,3556
1882.52,-771.69,3557
1881.54,-772.53,3558
1881.51,-772.56,3559
1880.61,-773.56,3560
1879.75,-774.5,3561
1879.88,-774.65,3562
1879.88,-775.67,3563
1879.73,-776.52,3564
1879.6,-777.35,3565
1878.75,-777.48,3566
1878.81,-778.48,3567
1878.65,-779.34,3568
1878.57,-778.48,3569
1877.65,-779.57,3570
1877.58,-780.55,3571
1876.75,-781.49,3572
1876.7,-780.63,3573
1875.71,-782.47,3574
1875.67,-782.46,3575
1875.53,-783.37,3576
1875.52,-782.49,3577
1874.58,-783.53,3578
1874.57,-784.44,3579
1874.53,-784.49,3580
1873.6,-785.52,3581
1872.7,-786.48,3582
1872.79,-786.64,3583
1872.73,-787.7,3584
1871.8,-788.73,3585
1871.75,-789.67,3586
1870.87,-790.58,3587
1870.95,-790.72,3588
1870.91,-791.76,3589
1870.03,-792.64,3590
1869.11,-792.72,3591
1869.12,-792.89,3592
1868.23,-793.94,3593
1868.2,-794.01,3594
1868.19,-793.08,3595
1868.16,-792.08,3596
1868.15,-792.1,3597
1868.18,-792.17,3598
1868.21,-792.24,3599
1868.25,-792.32,3600
1868.26,-791.33,3601
1868.25,-791.34,3602
1860.33,-812.6,3603
1859.48,-813.56,3604
1859.45,-814.39,3605
1859.41,-814.45,3606
1858.55,-815.48,3607
1858.52,-816.39,3608
1858.43,-816.53,3609
1857.38,-818.37,3610
1857.32,-818.44,3611
1856.46,-819.52,3612
1856.44,-820.52,3613
1856.24,-821.43,3614
1855.27,-822.35,3615
1855.3,-822.47,3616
1855.19,-822.41,3617
1854.27,-823.36,3618
1854.28,-824.29,3619
1854.26,-824.37,3620
1854.1,-825.4,3621
1853.13,-826.47,3622
1853.06,-827.46,3623
1852.14,-828.47,3624
1852.12,-829.42,3625
1852.08,-829.51,3626
1851.95,-830.52,3627
1851.98,-831.51,3628
1851.89,-832.43,3629
1850.95,-833.34,3630
1850.81,-833.25,3631
1849.91,-834.21,3632
1849.95,-834.33,3633
1849.87,-835.41,3634
1849,-836.48,3635
1848.04,-837.48,3636
1847.94,-838.41,3637
1848.05,-839.36,3638
1847.07,-840.25,3639
1847.1,-840.33,3640
1847.05,-841.35,3641
1846.94,-842.32,3642
1847.02,-843.3,3643
1846.01,-844.23,3644
1845.98,-844.31,3645
1846.88,-845.35,3646
1845.99,-846.42,3647
1846.02,-847.46,3648
1844.99,-848.45,3649
1845.87,-849.39,3650
1844.94,-850.34,3651
1844.97,-850.45,3652
1844.93,-851.53,3653
1844.8,-852.54,3654
1843.87,-853.57,3655
1843.84,-854.52,3656
1843.74,-855.42,3657
1842.84,-856.35,3658
1842.76,-856.32,3659
1841.89,-857.32,3660
1841.95,-858.26,3661
1841.93,-859.19,3662
1841.92,-859.28,3663
1841.85,-860.34,3664
1840.98,-861.43,3665
1841.06,-862.47,3666
1840.07,-863.49,3667
1840.02,-864.5,3668
1839.94,-865.47,3669
1840.8,-866.43,3670
1839.89,-867.42,3671
1839.91,-868.38,3672
1839.87,-869.31,3673
1839.77,-870.22,3674
1838.88,-871.17,3675
1838.9,-872.07,3676
1838.92,-872.14,3677
1838.8,-873.16,3678
1837.93,-874.25,3679
1837.99,-875.31,3680
1837.96,-876.34,3681
1837.84,-877.32,3682
1836.97,-878.34,3683
1837.05,-879.33,3684
1836,-880.29,3685
1835.88,-881.25,3686
1836.03,-882.26,3687
1835.11,-883.24,3688
1835.13,-884.19,3689
1835.1,-885.12,3690
1835,-886.02,3691
1834.91,-885.98,3692
1834.77,-887.91,3693
1834.61,-888.82,3694
1833.74,-889.78,3695
1833.83,-890.74,3696
1833.85,-891.67,3697
1833.84,-891.75,3698
1833.78,-892.81,3699
1833.6,-893.84,3700
1833.56,-894.82,3701
1833.45,-895.77,3702
1832.63,-896.78,3703
1832.74,-897.75,3704
1832.75,-898.7,3705
1832.7,-899.67,3706
1832.55,-900.6,3707
1831.76,-901.62,3708
1831.85,-902.59,3709
1831.85,-903.55,3710
1831.78,-904.49,3711
1831.72,-904.48,3712
1831.65,-905.45,3713
1831.51,-906.39,3714
1831.34,-907.35,3715
1830.53,-908.34,3716
1830.68,-909.3,3717
1830.73,-910.24,3718
1830.81,-910.29,3719
1830.82,-911.31,3720
1830.76,-912.3,3721
1830.66,-913.25,3722
1829.85,-914.22,3723
1829.77,-914.19,3724
